,region,aweme_id,create_time,desc,author.uid,author.nickname,author.signature,author.commerce_user_level,is_ads,share_url,statistics.play_count,statistics.comment_count,statistics.share_count,statistics.download_count,statistics.digg_count,music.id,music.mid,music.source_platform,music.id_str,music.title,music.author,music.owner_id,music.owner_nickname,music.is_original,music.is_commerce_music,music.play_url.uri,music.strong_beat_url.uri,music.is_author_artist,music.is_pgc,music.matched_pgc_sound.author,music.matched_pgc_sound.title,music.matched_pgc_sound.mixed_title,music.matched_pgc_sound.mixed_author,music.external_song_info,music.binded_challenge_id,bodydance_score,fyp_location,hashtags,hash_adhd,hash_foryou,hash_fyp,hash_fyp„Ç∑,hash_johnnydepp,hash_nofear,hash_omg,hash_parents,hash_piratesofthecaribbean,hash_viral
0,US,7103628792769416491,1653942465,Hahaha I triedü§∑üèº‚Äç‚ôÄÔ∏è,26880250,Lexi Rivera,Lexi Rivera,0,False,https://www.tiktok.com/@lexibrookerivera/video/7103628792769416491?_r=1&u_code=0&preview_pb=0&language=en&_d=el6md4llhc27md&share_item_id=7103628792769416491&source=h5_m,11602095,4507,2133,6867,2186814,7077440952705256238,7077440952705256238,72,7077440952705256238,original sound - twicesho3 (Contains music from: Blick Blick - Coi Leray & Nicki Minaj),"Contains music from: ""Blick Blick""",6.674592830901585e+18,Yo Momma,False,True,https://sf16-ies-music-va.tiktokcdn.com/obj/ies-music-ttp-dup-us/7077441000259570475.mp3,https://sf16-ies-music-sg.tiktokcdn.com/obj/tiktok-obj/pattern/07f034a444a8d6314861692bcca5b201.json,False,False,Coi Leray & Nicki Minaj,Blick Blick,original sound - twicesho3 (Contains music from: Blick Blick - Coi Leray & Nicki Minaj),"Contains music from: ""Blick Blick""",[],0,0,Iceland,,0,0,0,0,0,0,0,0,0,0
1,AU,7097205659866877185,1652446963,W #fyp,6972901011850970114,Collo,üì∏ü§ô,0,False,https://www.tiktok.com/@max..collins/video/7097205659866877185?_r=1&u_code=0&preview_pb=0&language=en&_d=el6md4llhc27md&share_item_id=7097205659866877185&source=h5_m,4950780,33016,55452,42134,1153630,7097205652132563714,7097205652132563714,72,7097205652132563714,original sound - max..collins,Collo,6.97290101185097e+18,Collo,False,True,https://sf16-ies-music-sg.tiktokcdn.com/obj/tiktok-obj/7097205646726122242.mp3,https://sf16-ies-music-sg.tiktokcdn.com/obj/tiktok-obj/pattern/ac41d63cae0796aa4d8c479478fcc6c1.json,False,False,,,,,[],0,0,Iceland,#fyp,0,0,1,0,0,0,0,0,0,0
2,CA,7101315329703300358,1653403821,These jokes are gold üòÇ.  #bellabrave #joke #silly #hospitallife #spreadjoy #nofear #brave #fyp #kidsoftiktok #knockknock #surgery  #albertachildrenshospital #canada,6915082640530768897,KylaCT,"Bella‚Äôs listed for a bowel transplant 

Merch supports Bella üëáüèº",0,False,https://www.tiktok.com/@kylact/video/7101315329703300358?_r=1&u_code=0&preview_pb=0&language=en&_d=el6md4llhc27md&share_item_id=7101315329703300358&source=h5_m,7752239,4126,2064,2606,1115084,6746993352891189249,6746993352891189249,10033,6746993352891189249,Monkeys Spinning Monkeys,Kevin MacLeod & Kevin The Monkey,,,False,True,https://sf16-ies-music-va.tiktokcdn.com/obj/tos-useast2a-ve-2774/ea8ca7768b2142be9cafe3284d9b97fa,https://sf16-ies-music-va.tiktokcdn.com/obj/tos-useast2a-v-2774/bd04654513374431956fb38fa9f8db1b,True,True,,,,,"[{'h5_url': '', 'partner_name': 'apple', 'partner_song_id': '1581990211', 'external_song_key': 'apple_song_id'}]",0,0,Iceland,#bellabrave #joke #silly #hospitallife #spreadjoy #nofear #brave #fyp #kidsoftiktok #knockknock #surgery #albertachildrenshospital #canada,0,0,1,0,0,1,0,0,0,0
3,US,7104691788568349957,1654189965,ü§£ü§£ #foryou #foryoupage #fyp,6687207699715326982,benji,"semi pro international tiktok superstar
managed by @connectmgt",0,False,https://www.tiktok.com/@thebenjishow/video/7104691788568349957?_r=1&u_code=0&preview_pb=0&language=en&_d=el6md4llhc27md&share_item_id=7104691788568349957&source=h5_m,386017,445,804,713,68995,7104688273850682118,7104688273850682118,72,7104688273850682118,original sound - thebenjishow,benji,6.687207699715327e+18,benji,False,True,https://sf16-ies-music-va.tiktokcdn.com/obj/musically-maliva-obj/7104691089541958405.mp3,,False,False,,,,,[],0,0,Iceland,#foryou #foryoupage #fyp,0,1,1,0,0,0,0,0,0,0
4,IS,7101766462313876742,1653508858,Hvernig haldi√∞ √æi√∞ a√∞ stefnum√≥ti√∞ fari?üòé‚úåÔ∏è(sp),6972464689792091142,THELM√ç TRUNT,"H√¶ allirüë©‚Äçü¶∞‚úåÔ∏è
insta: @thelmi.trunt",0,False,https://www.tiktok.com/@thelmi.trunt/video/7101766462313876742?_r=1&u_code=0&preview_pb=0&language=en&_d=el6md4llhc27md&share_item_id=7101766462313876742&source=h5_m,55879,34,19,29,4535,7101766468164979461,7101766468164979461,72,7101766468164979461,original sound - thelmi.trunt,THELM√ç TRUNT,6.972464689792091e+18,THELM√ç TRUNT,False,True,https://sf16-ies-music-va.tiktokcdn.com/obj/musically-maliva-obj/7101766461471476486.mp3,,False,False,,,,,[],0,0,Iceland,,0,0,0,0,0,0,0,0,0,0
5,IS,7101721051385597189,1653498285,"√âg taldi 3 hringi, en √æ√∫? üçï #pizzaflip #flip #johnnydepp #piratesofthecaribbean",6845329986069873670,Domino‚Äôs √° √çslandi,Smelltu h√©r üëá til a√∞ panta üçï,0,False,https://www.tiktok.com/@dominos_iceland/video/7101721051385597189?_r=1&u_code=0&preview_pb=0&language=en&_d=el6md4llhc27md&share_item_id=7101721051385597189&source=h5_m,67252,52,12,32,5721,7008913208840948485,7008913208840948485,72,7008913208840948485,original sound - cxptxinjxckspxrrow,Jack sparrow Fanpage,6.975209010542773e+18,Jack sparrow Fanpage,False,True,https://sf16-ies-music-va.tiktokcdn.com/obj/musically-maliva-obj/7008913361723230981.mp3,https://sf16-ies-music-sg.tiktokcdn.com/obj/tiktok-obj/pattern/415c3b7f13cbf9a6d44fdcf90425769a.json,False,False,,,,,[],0,0,Iceland,#pizzaflip #flip #johnnydepp #piratesofthecaribbean,0,0,0,0,1,0,0,0,1,0
6,IS,7096032420973022469,1652173802,üíóüíó.,6997477661639525382,jjü•∑,"ek taka √æessu alvarlega
insta og snap : jjaden.42 ü•∑
priv acc : chongerspam444ü´°",0,False,https://www.tiktok.com/@chingchongari/video/7096032420973022469?_r=1&u_code=0&preview_pb=0&language=en&_d=el6md4llhc27md&share_item_id=7096032420973022469&source=h5_m,18277,26,2,15,676,7063795161603967749,7063795161603967749,72,7063795161603967749,original sound - vlxne.annie (Contains music from: Rover (feat. DTG) - S1mba),"Contains music from: ""Rover (feat. DTG)""",6.973017988589815e+18,‚òÜ,False,True,https://sf16-ies-music-va.tiktokcdn.com/obj/musically-maliva-obj/7063795145933589253.mp3,https://sf16-ies-music-sg.tiktokcdn.com/obj/tiktok-obj/pattern/f42c483d39dd7da4a3ddd29f30e7a542.json,False,False,S1mba,Rover (feat. DTG),original sound - vlxne.annie (Contains music from: Rover (feat. DTG) - S1mba),"Contains music from: ""Rover (feat. DTG)""",[],0,0,Iceland,,0,0,0,0,0,0,0,0,0,0
7,US,7094032613047897386,1651708180, ,7093298146877719594,NotKegn,it‚Äôs not my main,0,False,https://www.tiktok.com/@not_kegn/video/7094032613047897386?_r=1&u_code=0&preview_pb=0&language=en&_d=el6md4llhc27md&share_item_id=7094032613047897386&source=h5_m,14591153,44728,124578,53018,3127124,7094032595666914094,7094032595666914094,72,7094032595666914094,original sound - not_kegn,NotKegn,7.09329814687772e+18,NotKegn,False,True,https://sf16-ies-music-va.tiktokcdn.com/obj/ies-music-ttp-dup-us/7094032614444813102.mp3,https://sf16-ies-music-sg.tiktokcdn.com/obj/tiktok-obj/pattern/23b901a5e2c3ee39faa963a5bdf36dfd.json,False,False,,,,,[],0,0,Iceland,,0,0,0,0,0,0,0,0,0,0
0,US,7082545389030690090,1649033602,sorry,191013848190197760,Sofie Dossi,"hi I‚Äôm the bendy girl ‚ô•Ô∏è
check out my YouTube channel‚ÜñÔ∏è",0,False,https://www.tiktok.com/@sofiedossi/video/7082545389030690090?_r=1&u_code=0&preview_pb=0&language=en&_d=el6md4llhc27md&share_item_id=7082545389030690090&source=h5_m,11065028,5148,7511,9139,1646260,7021964049139256070,7021964049139256070,72,7021964049139256070,my audio is famous (Contains music from: Keisha - Lil Keisha & Lil Chris),"Contains music from: ""Keisha""",7.002252156511028e+18,Ÿã,False,True,https://sf16-ies-music-va.tiktokcdn.com/obj/musically-maliva-obj/7021964116201835269.mp3,https://sf16-ies-music-sg.tiktokcdn.com/obj/tiktok-obj/pattern/bcb8061eb6a85c36e93abff1313eec7b.json,False,False,Lil Keisha & Lil Chris,Keisha,my audio is famous (Contains music from: Keisha - Lil Keisha & Lil Chris),"Contains music from: ""Keisha""",[],0,0,Iceland,,0,0,0,0,0,0,0,0,0,0
1,GB,7100921304634739974,1653312081,lmfao guys what if he sees this #omg #workcrush #fyp #foryou #edinburgh #edieats #sos #viraltiktok,6805233579761665030,sophie <3,"soundcloud rapper, but make it a sustainable,
 plant-based milk alternative",0,False,https://www.tiktok.com/@yungoatmilk/video/7100921304634739974?_r=1&u_code=0&preview_pb=0&language=en&_d=el6md4llhc27md&share_item_id=7100921304634739974&source=h5_m,34496822,7687,7343,7658,4005197,6752861357688752130,6752861357688752130,10033,6752861357688752130,Ylang Ylang,FKJ & ((( O ))),,,False,False,https://sf16-ies-music-va.tiktokcdn.com/obj/tos-useast2a-ve-2774/8daa72ba071847459bbb3c4328b2abbd,https://sf16-ies-music-va.tiktokcdn.com/obj/tos-useast2a-v-2774/da7ad6c0c3b145eea146667815d95f15,True,True,,,,,"[{'h5_url': '', 'partner_name': 'apple', 'partner_song_id': '1484139189', 'external_song_key': 'apple_song_id'}]",0,0,Iceland,#omg #workcrush #fyp #foryou #edinburgh #edieats #sos #viraltiktok,0,1,1,0,0,0,1,0,0,0
2,PH,7103069096463306010,1653812150,dramatic edit for today x #ronzzact1ve #karinakurzawa #ronaldkurzawa #ronaldomg #sisvsbro #childhood #viral #fyp #fy #speedup,7093844353882571803,anne is a simp,"13
ronald followed 2x on my banned accs ü´∂üòî
spam=block // don't repost",0,False,https://www.tiktok.com/@ronzzact1ve/video/7103069096463306010?_r=1&u_code=0&preview_pb=0&language=en&_d=el6md4llhc27md&share_item_id=7103069096463306010&source=h5_m,1816043,3064,322,1107,276379,7103069095553829659,7103069095553829659,24,7103069095553829659,original sound - ronzzact1ve,anne is a simp,7.093844353882572e+18,anne is a simp,False,True,https://sf16-ies-music.tiktokcdn.com/obj/ies-music-aiso/7103069112703765275.mp3,,False,False,,,,,[],0,0,Iceland,#ronzzact1ve #karinakurzawa #ronaldkurzawa #ronaldomg #sisvsbro #childhood #viral #fyp #fy #speedup,0,0,1,0,0,0,0,0,0,1
3,GB,7104565600273435910,1654160589,Johnny Depp Won?! üò≥üò≥ #johnnydepp #amberheard #news #johnnydeppisinnocent,7061224009891808261,Facts Weekly,On the Way to 100k! | Merch coming soon üî•,0,False,https://www.tiktok.com/@factsweekly01/video/7104565600273435910?_r=1&u_code=0&preview_pb=0&language=en&_d=el6md4llhc27md&share_item_id=7104565600273435910&source=h5_m,1436490,627,199,437,103341,6728562975734515713,6728562975734515713,10036,6728562975734515713,Love You So,The King Khan & BBQ Show,,,False,True,https://sf16-ies-music-va.tiktokcdn.com/obj/tos-useast2a-ve-2774/6a790bec1bf640c185753440ca131a7e,https://sf16-ies-music-va.tiktokcdn.com/obj/tos-useast2a-v-2774/e9e77e939b244f8094dfea801e7683b0,False,True,,,,,"[{'h5_url': '', 'partner_name': 'apple', 'partner_song_id': '297284611', 'external_song_key': 'apple_song_id'}]",0,0,Iceland,#johnnydepp #amberheard #news #johnnydeppisinnocent,0,0,0,0,1,0,0,0,0,0
4,IS,7095841843614715141,1652129426,üòå,6624126237857447942,arnorsnaer,"Arn√≥r Sn√¶r
IG: ARNORSNAER",0,False,https://www.tiktok.com/@arnorss/video/7095841843614715141?_r=1&u_code=0&preview_pb=0&language=en&_d=el6md4llhc27md&share_item_id=7095841843614715141&source=h5_m,54425,25,101,102,3933,7095841827274246918,7095841827274246918,72,7095841827274246918,original sound - arnorss,arnorsnaer,6.624126237857448e+18,arnorsnaer,False,True,https://sf16-ies-music-va.tiktokcdn.com/obj/musically-maliva-obj/7095841844885555973.mp3,,False,False,,,,,[],0,0,Iceland,,0,0,0,0,0,0,0,0,0,0
5,IS,7089483438520126726,1650648994,Nota skei√∞ina samt bara einu sinniü§ù,6909567371977311237,Sk√∫bb,Vi√∞ erum sta√∞sett √° Laugar√°svegi 1 üòÅ‚ù§Ô∏è,0,False,https://www.tiktok.com/@skubb_isgerd/video/7089483438520126726?_r=1&u_code=0&preview_pb=0&language=en&_d=el6md4llhc27md&share_item_id=7089483438520126726&source=h5_m,36420,15,9,11,1524,6655647592082426629,6655647592082426629,72,6655647592082426629,LMFAO (Contains music from: Catch Me Outside (Freestyle) - Tyb Toon),"Contains music from: ""Catch Me Outside (Freestyle)""",6.600897774144471e+18,Shocking,False,True,https://sf16-ies-music-va.tiktokcdn.com/obj/musically-maliva-obj/1625011628949509.mp3,https://sf16-ies-music-va.tiktokcdn.com/obj/musically-maliva-obj/pattern/79a1f2802cddc71637a1b2e5c8ff66c3.json,False,False,Tyb Toon,Catch Me Outside (Freestyle),LMFAO (Contains music from: Catch Me Outside (Freestyle) - Tyb Toon),"Contains music from: ""Catch Me Outside (Freestyle)""",[],0,0,Iceland,,0,0,0,0,0,0,0,0,0,0
6,IS,7080537875179212038,1648566191,Hundra√∞asti og einnig s√≠√∞asti dagurinn √≠ r√∂√∞inni - takk fyrir mig‚ù§Ô∏è,80453735558053888,G√∫sti B,"ü§çü§çVEISLAN ME√ê G√öSTA B ER √Å SPOTIFYü§çü§ç Steindi, Edda Falak, J√≥n J√≥nsson + more",0,False,https://www.tiktok.com/@gustib_1/video/7080537875179212038?_r=1&u_code=0&preview_pb=0&language=en&_d=el6md4llhc27md&share_item_id=7080537875179212038&source=h5_m,116183,272,167,288,14739,7080537868845779718,7080537868845779718,72,7080537868845779718,original sound - gustib_1,G√∫sti B,8.045373555805389e+16,G√∫sti B,False,True,https://sf16-ies-music-va.tiktokcdn.com/obj/musically-maliva-obj/7080537870682819333.mp3,,False,False,,,,,[],0,0,Iceland,,0,0,0,0,0,0,0,0,0,0
7,ES,7103261267833441542,1653856895,but he held the phone for me üôèüèª,6579117302372581382,karina,"got banned at 3 millüòî
spam aka better content: @ijustreallylikecatshuh
depop ‚§µÔ∏è",0,False,https://www.tiktok.com/@catsarelovelyarentthey/video/7103261267833441542?_r=1&u_code=0&preview_pb=0&language=en&_d=el6md4llhc27md&share_item_id=7103261267833441542&source=h5_m,14010081,6678,7334,8714,2460611,7089570059206773550,7089570059206773550,72,7089570059206773550,EVIL TWINNN (Contains music from: Detroit Flow - Liberia Sig),"Contains music from: ""Detroit Flow""",6.9086059735321e+18,Düêê,False,True,https://sf16-ies-music-va.tiktokcdn.com/obj/ies-music-ttp-dup-us/7089568456416299822.mp3,https://sf16-ies-music-sg.tiktokcdn.com/obj/tiktok-obj/pattern/27b98a00d2b09d03c76c2d55e2e82770.json,False,False,Liberia Sig,Detroit Flow,EVIL TWINNN (Contains music from: Detroit Flow - Liberia Sig),"Contains music from: ""Detroit Flow""",[],0,0,Iceland,,0,0,0,0,0,0,0,0,0,0
0,CA,7074958721339739397,1647267195, ,6532026959633842178,ü´êBlueBerryü´ê,"BlueBerry the Dancing Dog
Two Momsüè≥Ô∏è‚ÄçüåàThree furry siblings",0,False,https://www.tiktok.com/@all.about.blueberry/video/7074958721339739397?_r=1&u_code=0&preview_pb=0&language=en&_d=el6md4llhc27md&share_item_id=7074958721339739397&source=h5_m,5062257,4351,59584,11601,362401,7016739745057295109,7016739745057295109,72,7016739745057295109,original sound - jackie9225 (Contains music from: The Legend of Zeld - Legacy Hits),"Contains music from: ""The Legend of Zeld""",6.577757437804462e+18,JackieMoon.28,False,True,https://sf16-ies-music-va.tiktokcdn.com/obj/musically-maliva-obj/7016739786333489925.mp3,https://sf16-ies-music-sg.tiktokcdn.com/obj/tiktok-obj/pattern/e2e56f5bbee04492faabdbe64a0c1af2.json,False,False,Legacy Hits,The Legend of Zeld,original sound - jackie9225 (Contains music from: The Legend of Zeld - Legacy Hits),"Contains music from: ""The Legend of Zeld""",[],0,0,Iceland,,0,0,0,0,0,0,0,0,0,0
1,AU,7098663119634959618,1652786305,appreciate me bruh #foryou #fyp #parents #viral #relatable,7024731370984096770,Liv,"Follow Backup acc:
 @Vibing.7backup
üíóüí´",0,False,https://www.tiktok.com/@vibing.7/video/7098663119634959618?_r=1&u_code=0&preview_pb=0&language=en&_d=el6md4llhc27md&share_item_id=7098663119634959618&source=h5_m,3495846,9674,13848,14869,834140,7098663105479084801,7098663105479084801,72,7098663105479084801,original sound - vibing.7,Liv,7.024731370984097e+18,Liv,False,True,https://sf16-ies-music-sg.tiktokcdn.com/obj/tiktok-obj/7098663073833175810.mp3,https://sf16-ies-music-sg.tiktokcdn.com/obj/tiktok-obj/pattern/14b37ef6286cabb074b5bc0a52b93e60.json,False,False,,,,,[],0,0,Iceland,#foryou #fyp #parents #viral #relatable,0,1,1,0,0,0,0,1,0,1
2,US,7103323831414066474,1653871460,Bio for lovely apparel and my yt/ig,6934097464261854213,Dami,"LOVELY apparel in BIO
Business üì© Fadadami01@gmail.com
üìçATL üá≥üá¨",0,False,https://www.tiktok.com/@fadadami/video/7103323831414066474?_r=1&u_code=0&preview_pb=0&language=en&_d=el6md4llhc27md&share_item_id=7103323831414066474&source=h5_m,5469921,23037,123176,32016,930373,7063210227138562055,7063210227138562055,10033,7063210227138562055,Emotional Mellow Instrumental,Nerooz,,,False,True,https://sf16-ies-music-va.tiktokcdn.com/obj/tos-useast2a-ve-2774/3422b41e98e04ad9b35ff07cb84d1d27,https://sf16-ies-music-va.tiktokcdn.com/obj/tos-useast2a-v-2774/9d798288432e4356b28065bb519b327e,False,True,,,,,[],0,0,Iceland,,0,0,0,0,0,0,0,0,0,0
3,US,7104693013594508586,1654190248,nah this is actually so trippy,6882958664186315782,sam,"Follow for more!

üìß sambuchalul@gmail.com üìß",0,False,https://www.tiktok.com/@sambucha/video/7104693013594508586?_r=1&u_code=0&preview_pb=0&language=en&_d=el6md4llhc27md&share_item_id=7104693013594508586&source=h5_m,131232,255,46,43,17205,7104692976961588011,7104692976961588011,72,7104692976961588011,original sound - sambucha,sam,6.882958664186316e+18,sam,False,True,https://sf16-ies-music-va.tiktokcdn.com/obj/ies-music-ttp-dup-us/7104693011346377518.mp3,,False,False,,,,,[],0,0,Iceland,,0,0,0,0,0,0,0,0,0,0
4,IS,7090954128435793157,1650991416,üò≠ü§ç,6737389879891641350,Brynhildur gunnlaugs,"ily guys
follow the gram 
ü§ç",0,False,https://www.tiktok.com/@brynhildurgunnlaugss/video/7090954128435793157?_r=1&u_code=0&preview_pb=0&language=en&_d=el6md4llhc27md&share_item_id=7090954128435793157&source=h5_m,2849847,3221,2884,2729,484703,7058891714383054849,7058891714383054849,10033,7058891714383054849,Birthday Cake,Dylan Conrique,,,False,True,https://sf16-ies-music-va.tiktokcdn.com/obj/tos-useast2a-ve-2774/012a6d9ff90e4900899104a7c7ab3d39,https://sf16-ies-music-va.tiktokcdn.com/obj/tos-useast2a-v-2774/8be1383a46ba4d11864507d9c68135e0,True,True,,,,,"[{'h5_url': '', 'partner_name': 'apple', 'partner_song_id': '1605579721', 'external_song_key': 'apple_song_id'}]",0,0,Iceland,,0,0,0,0,0,0,0,0,0,0
5,IS,7097544028136148229,1652525747,FACTüòçüò©,6580655197025681413,DjFeki‚ù§Ô∏è‚Äçüî•,"S√¶ddidu

Ig: Danielbjarkaa
Snap: danielbjarkaa",0,False,https://www.tiktok.com/@djdanniii/video/7097544028136148229?_r=1&u_code=0&preview_pb=0&language=en&_d=el6md4llhc27md&share_item_id=7097544028136148229&source=h5_m,19349,32,15,12,1219,7090999192532847362,7090999192532847362,72,7090999192532847362,original sound - seriouslu (Contains music from: Swords - JIMINI),"Contains music from: ""Swords""",6.942141218512029e+18,a,False,True,https://sf16-ies-music-sg.tiktokcdn.com/obj/tiktok-obj/7090999187856837378.mp3,https://sf16-ies-music-sg.tiktokcdn.com/obj/tiktok-obj/pattern/f5400068b491b0dda8fd068bbfb29ab3.json,False,False,JIMINI,Swords,original sound - seriouslu (Contains music from: Swords - JIMINI),"Contains music from: ""Swords""",[],0,0,Iceland,,0,0,0,0,0,0,0,0,0,0
6,IS,7084243950567214342,1649429080,A trend I had to do‚Ä¶,6739428623844066310,Haf√æ√≥r J√∫l√≠us,So strong it‚Äôs funny....,0,False,https://www.tiktok.com/@hafthorbjornsson/video/7084243950567214342?_r=1&u_code=0&preview_pb=0&language=en&_d=el6md4llhc27md&share_item_id=7084243950567214342&source=h5_m,6029352,849,668,1132,308620,7077219669014252289,7077219669014252289,24,7077219669014252289,original sound - wwwwww.b_d (Contains music from: Line Out - Legacy Hits),"Contains music from: ""Line Out""",6.600368560434201e+18,wwwwww.b_d,False,True,https://sf16-ies-music-sg.tiktokcdn.com/obj/tiktok-obj/7077219655500499713.mp3,https://sf16-ies-music-sg.tiktokcdn.com/obj/tiktok-obj/pattern/2b3c3f9ae29a973e335e38187dc9b4f2.json,False,False,Legacy Hits,Line Out,original sound - wwwwww.b_d (Contains music from: Line Out - Legacy Hits),"Contains music from: ""Line Out""",[],0,0,Iceland,,0,0,0,0,0,0,0,0,0,0
7,DE,7104348227511667974,1654109974,#Memes #funnyvideos #foryou,6978587718997918726,Meme Fanpage,"Fanpage 
not my memes
üìßthefunmaster3000@outlook.de
Mail -> Credits/Removal",0,False,https://www.tiktok.com/@thefunmaster3000/video/7104348227511667974?_r=1&u_code=0&preview_pb=0&language=en&_d=el6md4llhc27md&share_item_id=7104348227511667974&source=h5_m,1193098,279,516,14,110930,7104348224722340614,7104348224722340614,72,7104348224722340614,original sound - thefunmaster3000 (Contains music from: Uranus - Aurora Creation),"Contains music from: ""Uranus""",6.978587718997919e+18,Meme Fanpage,False,True,https://sf16-ies-music-va.tiktokcdn.com/obj/musically-maliva-obj/7104348220264090373.mp3,,False,False,Aurora Creation,Uranus,original sound - thefunmaster3000 (Contains music from: Uranus - Aurora Creation),"Contains music from: ""Uranus""",[],0,0,Iceland,#Memes #funnyvideos #foryou,0,1,0,0,0,0,0,0,0,0
0,CA,7074722789743447302,1647212262,111lbs Down #weightloss #weightlossjourney #gastricbypass,6814525267429491718,Kara Marie CC | Weight Loss,"Hi I‚Äôm Kara and I‚Äôve Lost 130lbs
Documenting Weight Loss
Let‚Äôs Connect ‚ù§Ô∏è",0,False,https://www.tiktok.com/@karamariecc/video/7074722789743447302?_r=1&u_code=0&preview_pb=0&language=en&_d=el6md4llhc27md&share_item_id=7074722789743447302&source=h5_m,15404824,12795,9476,450,2229989,6762092669565963014,6762092669565963014,72,6762092669565963014,Celebrate the Good Times,Mason,6.618548489873228e+18,Mason,False,True,https://sf16-ies-music-va.tiktokcdn.com/obj/musically-maliva-obj/1650920311654405.mp3,https://sf16-ies-music-va.tiktokcdn.com/obj/musically-maliva-obj/pattern/c1b3bbd2a40bf63daa09efc2ee0e664e.json,False,False,,,,,[],0,0,Iceland,#weightloss #weightlossjourney #gastricbypass,0,0,0,0,0,0,0,0,0,0
1,CA,7098210772764888326,1652680988,I don‚Äôt think he gets it yet,6760874831744992261,Luke Davidson,"Follow and Subscribe ‚¨ÜÔ∏è
Biz: luke@onefluent.com
‚¨áÔ∏è UGREEN Nexode 100W Charger ‚¨áÔ∏è",0,False,https://www.tiktok.com/@lukedavidson_/video/7098210772764888326?_r=1&u_code=0&preview_pb=0&language=en&_d=el6md4llhc27md&share_item_id=7098210772764888326&source=h5_m,5761305,5805,7755,28656,715859,7098210712589175557,7098210712589175557,72,7098210712589175557,original sound - lukedavidson_,Luke Davidson,6.760874831744992e+18,Luke Davidson,False,True,https://sf16-ies-music-va.tiktokcdn.com/obj/musically-maliva-obj/7098210669023054598.mp3,https://sf16-ies-music-sg.tiktokcdn.com/obj/tiktok-obj/pattern/60326e9131282d32ec81502664fe567c.json,False,False,,,,,[],0,0,Iceland,,0,0,0,0,0,0,0,0,0,0
2,IS,7099110567461276933,1652890484,#fyp #fyrir√æig #islensktiktok,6785530391590126598,Quack,:),0,False,https://www.tiktok.com/@barnaperrin/video/7099110567461276933?_r=1&u_code=0&preview_pb=0&language=en&_d=el6md4llhc27md&share_item_id=7099110567461276933&source=h5_m,30380,92,161,260,1425,7099110544330377989,7099110544330377989,72,7099110544330377989,original sound - barnaperrin,Quack,6.785530391590127e+18,Quack,False,True,https://sf16-ies-music-va.tiktokcdn.com/obj/musically-maliva-obj/7099110555847346950.mp3,,False,False,,,,,[],0,0,Iceland,#fyp #fyrir√æig #islensktiktok,0,0,1,0,0,0,0,0,0,0
3,US,7104620782101351726,1654173433,Based on a True Story üòÇ,11956846,The Mannii Show," ï‚Ä¢Ã´Õ°‚Ä¢ îüôèüèºFollow my YouTube‚§¥Ô∏è iNstaGram‚§¥Ô∏è ï‚Ä¢Ã´Õ°‚Ä¢ î
‚ú®BLM‚ú®
Merch Coming S‚ôæN üß¢üî•",0,False,https://www.tiktok.com/@the_mannii/video/7104620782101351726?_r=1&u_code=0&preview_pb=0&language=en&_d=el6md4llhc27md&share_item_id=7104620782101351726&source=h5_m,1442666,1287,2330,2861,244100,7104620693421050667,7104620693421050667,72,7104620693421050667,original sound - the_mannii,The Mannii Show,11956846.0,The Mannii Show,False,True,https://sf16-ies-music-va.tiktokcdn.com/obj/ies-music-ttp-dup-us/7104620745371994926.mp3,,False,False,,,,,[],0,0,Iceland,,0,0,0,0,0,0,0,0,0,0
4,US,7074294592232803626,1647112564,#TheAdamProject #TurboTaxAlphorn #SchickAsks #cutecouplestatusüòòüíì #gamercouple #fyp„Ç∑„Çöviral #funnycouples #tiktokcouplegoals,6931206688390005765,CHAD&NOA,"KING&QUEENü§¥üèºüë∏üèæ
Couple goalsüíçüíó
19K‚ÅâÔ∏è
18+
Follow our social media ‚¨ÜÔ∏èü•≥ü•≥",0,False,https://www.tiktok.com/@cchadandnoa/video/7074294592232803626?_r=1&u_code=0&preview_pb=0&language=en&_d=el6md4llhc27md&share_item_id=7074294592232803626&source=h5_m,227772,164,128,57,27733,6707650636483135490,6707650636483135490,10033,6707650636483135490,Drop 'Em Out,Wheeler Walker Jr.,,,False,False,https://sf16-ies-music-va.tiktokcdn.com/obj/tos-useast2a-ve-2774/f5e4f1f7730749158a000ebea5b4aaf5,https://sf16-ies-music-va.tiktokcdn.com/obj/tos-useast2a-v-2774/d485b160bd1b42f394a1989a0ae5c996,True,True,,,,,[],0,0,Iceland,#TheAdamProject #TurboTaxAlphorn #SchickAsks #cutecouplestatusüòòüíì #gamercouple #fyp„Ç∑„Çöviral #funnycouples #tiktokcouplegoals,0,0,0,1,0,0,0,0,0,1
5,IS,7074710320069086469,1647209359,üë®üèΩ‚Äçüè´ it‚Äôs always worth it #coach #teaching #tricking #fyp #fyp„Ç∑ #iceland @mudogym_iceland,6799371792605529093,Marin√≥ M√°ni Mabazza,"DANCER - MOVER 
‚Äújack of all trait‚Äôs‚Ä¶‚Äù 
üáÆüá∏/üáµüá≠

Instagram: mabazzer",0,False,https://www.tiktok.com/@mabazzer2.0/video/7074710320069086469?_r=1&u_code=0&preview_pb=0&language=en&_d=el6md4llhc27md&share_item_id=7074710320069086469&source=h5_m,20315,13,7,10,1618,6754855767905421314,6754855767905421314,10033,6754855767905421314,Silence 1 Minute,"Silent Meditation, No Sound Pause Breaks",,,False,True,,https://sf16-music-sign.tiktokcdn.com/obj/tos-useast2a-v-2774/367983515686405fbbca3610609173ef?x-expires=1654220881&x-signature=VqnGmJsSUcX4NF%2F0IO2oR6gb%2FcI%3D,False,True,,,,,"[{'h5_url': '', 'partner_name': 'apple', 'partner_song_id': '478202864', 'external_song_key': 'apple_song_id'}]",0,0,Iceland,#coach #teaching #tricking #fyp #fyp„Ç∑ #iceland,0,0,1,1,0,0,0,0,0,0
6,IS,7102048430981188869,1653574509,FO,6641953400819908614,Villineto,"Leikari og gr√≠nisti sem getur veri√∞ p√≥l√≠t√≠skur. 
üáÆüá∏üáµüáπ",0,False,https://www.tiktok.com/@villineto/video/7102048430981188869?_r=1&u_code=0&preview_pb=0&language=en&_d=el6md4llhc27md&share_item_id=7102048430981188869&source=h5_m,26877,25,63,63,2281,7102048396646648582,7102048396646648582,72,7102048396646648582,original sound - villineto,Villineto,6.641953400819909e+18,Villineto,False,True,https://sf16-ies-music-va.tiktokcdn.com/obj/musically-maliva-obj/7102048925334407941.mp3,,False,False,,,,,[],0,0,Iceland,,0,0,0,0,0,0,0,0,0,0
7,GB,7103947310668811526,1654016628,Legit couldn‚Äôt believe other people had quiet minds #adhd #adhdsupport Og: sarahpalmyra,7093867783671399430,Elliot,Get therapy for ADHD sent to your phone at the link below :),0,False,https://www.tiktok.com/@adhd_stimuli/video/7103947310668811526?_r=1&u_code=0&preview_pb=0&language=en&_d=el6md4llhc27md&share_item_id=7103947310668811526&source=h5_m,944950,1301,1741,3739,151080,7066198734106856238,7066198734106856238,72,7066198734106856238,original sound - sarahpalmyra,Sarah Palmyra,6.813596904384251e+18,Sarah Palmyra,False,True,https://sf16-ies-music-va.tiktokcdn.com/obj/ies-music-ttp-dup-us/7066198747147078446.mp3,https://sf16-ies-music-sg.tiktokcdn.com/obj/tiktok-obj/pattern/e1487e307733600b33752c11e171c852.json,False,False,,,,,[],0,0,Iceland,#adhd #adhdsupport,1,0,0,0,0,0,0,0,0,0
